<?xml version="1.0" encoding="UTF-8"?>
<SOAP-ENV:Envelope xmlns:SOAP-ENV="http://www.w3.org/2003/05/soap-envelope" xmlns:SOAP-ENC="http://www.w3.org/2003/05/soap-encoding" xmlns:xsi="http://www.w3.org/2001/XMLSchema-instance" xmlns:xsd="http://www.w3.org/2001/XMLSchema" xmlns:wsa="http://schemas.xmlsoap.org/ws/2004/08/addressing" xmlns:wsdd="http://schemas.xmlsoap.org/ws/2005/04/discovery" xmlns:chan="http://schemas.microsoft.com/ws/2005/02/duplex" xmlns:wsa5="http://www.w3.org/2005/08/addressing" xmlns:xmime="http://tempuri.org/xmime.xsd" xmlns:xop="http://www.w3.org/2004/08/xop/include" xmlns:tt="http://www.onvif.org/ver10/schema" xmlns:wsrfbf="http://docs.oasis-open.org/wsrf/bf-2" xmlns:wstop="http://docs.oasis-open.org/wsn/t-1" xmlns:wsrfr="http://docs.oasis-open.org/wsrf/r-2" xmlns:tdn="http://www.onvif.org/ver10/network/wsdl" xmlns:tds="http://www.onvif.org/ver10/device/wsdl" xmlns:tev="http://www.onvif.org/ver10/events/wsdl" xmlns:wsnt="http://docs.oasis-open.org/wsn/b-2" xmlns:tptz="http://www.onvif.org/ver20/ptz/wsdl" xmlns:trt="http://www.onvif.org/ver10/media/wsdl">
<SOAP-ENV:Header>
<wsa:MessageID>uuid:a397a255-53be-41fc-996b-521413e9e22d</wsa:MessageID>
<wsa:RelatesTo>uuid:0ccfa8a9-7c19-4435-bb65-7f2334e6b47a</wsa:RelatesTo>
<wsa:To SOAP-ENV:mustUnderstand="true">http://schemas.xmlsoap.org/ws/2004/08/addressing/role/anonymous</wsa:To>
<wsa:Action SOAP-ENV:mustUnderstand="true">http://schemas.xmlsoap.org/ws/2005/04/discovery/ProbeMatches</wsa:Action>
</SOAP-ENV:Header>
<SOAP-ENV:Body>
<wsdd:ProbeMatches>
<wsdd:ProbeMatch>
<wsa:EndpointReference>
<wsa:Address>urn:uuid:2419d68a-2dd2-21b2-a205-0000ff86f9ff</wsa:Address>
<wsa:ReferenceProperties />
<wsa:ReferenceParameters />
<wsa:PortType>ttl</wsa:PortType>
</wsa:EndpointReference>
<wsdd:Types>tds:Device</wsdd:Types>
<wsdd:Scopes>onvif://www.onvif.org/type/NetworkVideoTransmitter onvif://www.onvif.org/name/IPC_123456 onvif://www.onvif.org/location/Country/China</wsdd:Scopes>
<wsdd:XAddrs>http://192.168.1.66:5000/onvif/device_service</wsdd:XAddrs>
<wsdd:MetadataVersion>1</wsdd:MetadataVersion>
</wsdd:ProbeMatch>
</wsdd:ProbeMatches>
</SOAP-ENV:Body>
</SOAP-ENV:Envelope>

