<?xml version="1.0" encoding="UTF-8"?>
<SOAP-ENV:Envelope xmlns:SOAP-ENC="http://www.w3.org/2003/05/soap-encoding" xmlns:SOAP-ENV="http://www.w3.org/2003/05/soap-envelope" xmlns:chan="http://schemas.microsoft.com/ws/2005/02/duplex" xmlns:tdn="http://www.onvif.org/ver10/network/wsdl" xmlns:tds="http://www.onvif.org/ver10/device/wsdl" xmlns:tev="http://www.onvif.org/ver10/events/wsdl" xmlns:tptz="http://www.onvif.org/ver20/ptz/wsdl" xmlns:trt="http://www.onvif.org/ver10/media/wsdl" xmlns:tt="http://www.onvif.org/ver10/schema" xmlns:wsa="http://schemas.xmlsoap.org/ws/2004/08/addressing" xmlns:wsa5="http://www.w3.org/2005/08/addressing" xmlns:wsdd="http://schemas.xmlsoap.org/ws/2005/04/discovery" xmlns:wsnt="http://docs.oasis-open.org/wsn/b-2" xmlns:wsrfbf="http://docs.oasis-open.org/wsrf/bf-2" xmlns:wsrfr="http://docs.oasis-open.org/wsrf/r-2" xmlns:wstop="http://docs.oasis-open.org/wsn/t-1" xmlns:xmime="http://tempuri.org/xmime.xsd" xmlns:xop="http://www.w3.org/2004/08/xop/include" xmlns:xsd="http://www.w3.org/2001/XMLSchema" xmlns:xsi="http://www.w3.org/2001/XMLSchema-instance">
<SOAP-ENV:Header></SOAP-ENV:Header>
<SOAP-ENV:Body>
<tds:GetCapabilitiesResponse>
<tds:Capabilities>
<tt:Device>
<tt:XAddr>http://192.168.0.73:80/onvif/device_service</tt:XAddr>
<tt:Network>
<tt:IPFilter>false</tt:IPFilter>
<tt:ZeroConfiguration>false</tt:ZeroConfiguration>
<tt:IPVersion6>false</tt:IPVersion6>
<tt:DynDNS>false</tt:DynDNS>
</tt:Network>
<tt:System>
<tt:DiscoveryResolve>false</tt:DiscoveryResolve>
<tt:DiscoveryBye>false</tt:DiscoveryBye>
<tt:RemoteDiscovery>true</tt:RemoteDiscovery>
<tt:SystemBackup>false</tt:SystemBackup>
<tt:SystemLogging>false</tt:SystemLogging>
<tt:FirmwareUpgrade>false</tt:FirmwareUpgrade>
<tt:SupportedVersions>
<tt:Major>2</tt:Major>
<tt:Minor>0</tt:Minor>
</tt:SupportedVersions>
<tt:Extension>
<tt:HttpFirmwareUpgrade>false</tt:HttpFirmwareUpgrade>
<tt:HttpSystemBackup>false</tt:HttpSystemBackup>
<tt:HttpSystemLogging>false</tt:HttpSystemLogging>
<tt:HttpSupportInformation>false</tt:HttpSupportInformation>
</tt:Extension>
</tt:System>
<tt:IO>
<tt:InputConnectors>2</tt:InputConnectors>
<tt:RelayOutputs>2</tt:RelayOutputs>
</tt:IO>
</tt:Device>
<tt:Media>
<tt:XAddr>http://192.168.0.73:80/onvif/media_service</tt:XAddr>
<tt:StreamingCapabilities>
<tt:RTPMulticast>true</tt:RTPMulticast>
<tt:RTP_TCP>true</tt:RTP_TCP>
<tt:RTP_RTSP_TCP>true</tt:RTP_RTSP_TCP>
</tt:StreamingCapabilities>
</tt:Media>
<tt:PTZ>
<tt:XAddr>http://192.168.0.73:80/onvif/ptz_service</tt:XAddr>
</tt:PTZ>
<tt:Extension>
<tt:DeviceIO>
<tt:XAddr>http://192.168.0.73:80/onvif/deviceio_service</tt:XAddr>
<tt:VideoSources>1</tt:VideoSources>
<tt:VideoOutputs>0</tt:VideoOutputs>
<tt:AudioSources>0</tt:AudioSources>
<tt:AudioOutputs>0</tt:AudioOutputs>
<tt:RelayOutputs>0</tt:RelayOutputs>
</tt:DeviceIO>
</tt:Extension>
</tds:Capabilities>
</tds:GetCapabilitiesResponse>
</SOAP-ENV:Body>
</SOAP-ENV:Envelope>