<?xml version="1.0" encoding="UTF-8"?>
<SOAP-ENV:Envelope xmlns:SOAP-ENC="http://www.w3.org/2003/05/soap-encoding" xmlns:SOAP-ENV="http://www.w3.org/2003/05/soap-envelope" xmlns:c14n="http://www.w3.org/2001/10/xml-exc-c14n#" xmlns:d="http://schemas.xmlsoap.org/ws/2005/04/discovery" xmlns:dn="http://www.onvif.org/ver10/network/wsdl" xmlns:dndl="http://www.onvif.org/ver10/network/wsdl/DiscoveryLookupBinding" xmlns:dnrd="http://www.onvif.org/ver10/network/wsdl/RemoteDiscoveryBinding" xmlns:ds="http://www.w3.org/2000/09/xmldsig#" xmlns:tad="http://www.onvif.org/ver10/analyticsdevice/wsdl" xmlns:tan="http://www.onvif.org/ver20/analytics/wsdl" xmlns:tanae="http://www.onvif.org/ver20/analytics/wsdl/AnalyticsEngineBinding" xmlns:tanre="http://www.onvif.org/ver20/analytics/wsdl/RuleEngineBinding" xmlns:tds="http://www.onvif.org/ver10/device/wsdl" xmlns:tetcp="http://www.onvif.org/ver10/events/wsdl/CreatePullPointBinding" xmlns:tete="http://www.onvif.org/ver10/events/wsdl/EventBinding" xmlns:tetnc="http://www.onvif.org/ver10/events/wsdl/NotificationConsumerBinding" xmlns:tetnp="http://www.onvif.org/ver10/events/wsdl/NotificationProducerBinding" xmlns:tetpp="http://www.onvif.org/ver10/events/wsdl/PullPointBinding" xmlns:tetpps="http://www.onvif.org/ver10/events/wsdl/PullPointSubscriptionBinding" xmlns:tetps="http://www.onvif.org/ver10/events/wsdl/PausableSubscriptionManagerBinding" xmlns:tetsm="http://www.onvif.org/ver10/events/wsdl/SubscriptionManagerBinding" xmlns:tev="http://www.onvif.org/ver10/events/wsdl" xmlns:timg="http://www.onvif.org/ver20/imaging/wsdl" xmlns:timg10="http://www.onvif.org/ver10/imaging/wsdl" xmlns:tls="http://www.onvif.org/ver10/display/wsdl" xmlns:tmd="http://www.onvif.org/ver10/deviceIO/wsdl" xmlns:tns1="http://www.onvif.org/ver10/topics" xmlns:tnsavg="http://www.avigilon.com/onvif/ver10/topics" xmlns:tnsn="http://www.eventextension.com/2011/event/topics" xmlns:tptz="http://www.onvif.org/ver20/ptz/wsdl" xmlns:trc="http://www.onvif.org/ver10/recording/wsdl" xmlns:trp="http://www.onvif.org/ver10/replay/wsdl" xmlns:trt="http://www.onvif.org/ver10/media/wsdl" xmlns:trv="http://www.onvif.org/ver10/receiver/wsdl" xmlns:tse="http://www.onvif.org/ver10/search/wsdl" xmlns:tt="http://www.onvif.org/ver10/schema" xmlns:wsa="http://schemas.xmlsoap.org/ws/2004/08/addressing" xmlns:wsa5="http://www.w3.org/2005/08/addressing" xmlns:wsbf="http://docs.oasis-open.org/wsrf/bf-2" xmlns:wsnt="http://docs.oasis-open.org/wsn/b-2" xmlns:wsr="http://docs.oasis-open.org/wsrf/r-2" xmlns:wsse="http://docs.oasis-open.org/wss/2004/01/oasis-200401-wss-wssecurity-secext-1.0.xsd" xmlns:wstop="http://docs.oasis-open.org/wsn/t-1" xmlns:wsu="http://docs.oasis-open.org/wss/2004/01/oasis-200401-wss-wssecurity-utility-1.0.xsd" xmlns:xenc="http://www.w3.org/2001/04/xmlenc#" xmlns:xmime="http://tempuri.org/xmime.xsd" xmlns:xop="http://www.w3.org/2004/08/xop/include" xmlns:xsd="http://www.w3.org/2001/XMLSchema" xmlns:xsi="http://www.w3.org/2001/XMLSchema-instance">
<SOAP-ENV:Header> </SOAP-ENV:Header>
<SOAP-ENV:Body>
<trt:GetProfileResponse>
<trt:Profile fixed="true" token="profile_0">
<tt:Name>MainStream</tt:Name>
<tt:VideoSourceConfiguration token="VideoSourceConfigToken0">
<tt:Name>VideoSourceConfig0</tt:Name>
<tt:UseCount>2</tt:UseCount>
<tt:SourceToken>VideoSourceConfigSourceToken0</tt:SourceToken>
<tt:Bounds height="720" width="1280" x="0" y="0"/>
</tt:VideoSourceConfiguration>
<tt:VideoEncoderConfiguration token="VideoEncoderConfigToken0">
<tt:Name>VideoEncoderConfig0</tt:Name>
<tt:UseCount>1</tt:UseCount>
<tt:Encoding>H264</tt:Encoding>
<tt:Resolution>
<tt:Width>1280</tt:Width>
<tt:Height>720</tt:Height>
</tt:Resolution>
<tt:Quality>5</tt:Quality>
<tt:RateControl>
<tt:FrameRateLimit>15</tt:FrameRateLimit>
<tt:EncodingInterval>25</tt:EncodingInterval>
<tt:BitrateLimit>2048</tt:BitrateLimit>
</tt:RateControl>
<tt:H264>
<tt:GovLength>25</tt:GovLength>
<tt:H264Profile>Main</tt:H264Profile>
</tt:H264>
<tt:Multicast>
<tt:Address>
<tt:Type>IPv4</tt:Type>
<tt:IPv4Address>239.255.0.0</tt:IPv4Address>
</tt:Address>
<tt:Port>5000</tt:Port>
<tt:TTL>1</tt:TTL>
<tt:AutoStart>false</tt:AutoStart>
</tt:Multicast>
<tt:SessionTimeout>PT5S</tt:SessionTimeout>
</tt:VideoEncoderConfiguration>
<tt:VideoAnalyticsConfiguration token="VideoAnalyticsToken">
<tt:Name>VideoAnalyticsName</tt:Name>
<tt:UseCount>2</tt:UseCount>
<tt:AnalyticsEngineConfiguration>
<tt:AnalyticsModule Name="MyCellMotionModule" Type="tt:CellMotionEngine">
<tt:Parameters>
<tt:SimpleItem Name="Sensitivity" Value="0"/>
<tt:ElementItem Name="Layout">
<tt:CellLayout Columns="22" Rows="18">
<tt:Transformation>
<tt:Translate x="-1.000000" y="-1.000000"/>
<tt:Scale x="0.001563" y="0.002778"/>
</tt:Transformation>
</tt:CellLayout>
</tt:ElementItem>
</tt:Parameters>
</tt:AnalyticsModule>
</tt:AnalyticsEngineConfiguration>
<tt:RuleEngineConfiguration>
<tt:Rule Name="MyMotionDetectorRule" Type="tt:CellMotionDetector">
<tt:Parameters>
<tt:SimpleItem Name="MinCount" Value="4"/>
<tt:SimpleItem Name="AlarmOnDelay" Value="100"/>
<tt:SimpleItem Name="AlarmOffDelay" Value="100"/>
<tt:SimpleItem Name="ActiveCells" Value="zwA="/>
</tt:Parameters>
</tt:Rule>
</tt:RuleEngineConfiguration>
</tt:VideoAnalyticsConfiguration>
<tt:PTZConfiguration token="profile_ptz_0">
<tt:Name>profile_ptz_0</tt:Name>
<tt:UseCount>2</tt:UseCount>
<tt:NodeToken>ptz_node_0</tt:NodeToken>
<tt:DefaultAbsolutePantTiltPositionSpace>http://www.onvif.org/ver10/tptz/PanTiltSpaces/PositionGenericSpace</tt:DefaultAbsolutePantTiltPositionSpace>
<tt:DefaultAbsoluteZoomPositionSpace>http://www.onvif.org/ver10/tptz/ZoomSpaces/PositionGenericSpace</tt:DefaultAbsoluteZoomPositionSpace>
<tt:DefaultRelativePanTiltTranslationSpace>http://www.onvif.org/ver10/tptz/PanTiltSpaces/TranslationGenericSpace</tt:DefaultRelativePanTiltTranslationSpace>
<tt:DefaultRelativeZoomTranslationSpace>http://www.onvif.org/ver10/tptz/ZoomSpaces/TranslationGenericSpace</tt:DefaultRelativeZoomTranslationSpace>
<tt:DefaultContinuousPanTiltVelocitySpace>http://www.onvif.org/ver10/tptz/PanTiltSpaces/VelocityGenericSpace</tt:DefaultContinuousPanTiltVelocitySpace>
<tt:DefaultContinuousZoomVelocitySpace>http://www.onvif.org/ver10/tptz/ZoomSpaces/VelocityGenericSpace</tt:DefaultContinuousZoomVelocitySpace>
<tt:DefaultPTZSpeed>
<tt:PanTilt space="http://www.onvif.org/ver10/tptz/PanTiltSpaces/GenericSpeedSpace" x="0.100000001" y="0.100000001"/>
<tt:Zoom space="http://www.onvif.org/ver10/tptz/ZoomSpaces/ZoomGenericSpeedSpace" x="1"/>
</tt:DefaultPTZSpeed>
<tt:DefaultPTZTimeout>PT0H0M3.600S</tt:DefaultPTZTimeout>
<tt:PanTiltLimits>
<tt:Range>
<tt:URI>http://www.onvif.org/ver10/tptz/PanTiltSpaces/PositionGenericSpace</tt:URI>
<tt:XRange>
<tt:Min>-1</tt:Min>
<tt:Max>1</tt:Max>
</tt:XRange>
<tt:YRange>
<tt:Min>-1</tt:Min>
<tt:Max>1</tt:Max>
</tt:YRange>
</tt:Range>
</tt:PanTiltLimits>
<tt:ZoomLimits>
<tt:Range>
<tt:URI>http://www.onvif.org/ver10/tptz/ZoomSpaces/ZoomGenericSpace</tt:URI>
<tt:XRange>
<tt:Min>-1</tt:Min>
<tt:Max>1</tt:Max>
</tt:XRange>
</tt:Range>
</tt:ZoomLimits>
</tt:PTZConfiguration>
<tt:MetadataConfiguration token="profile_metadata_0">
<tt:Name>profile_metadata_0</tt:Name>
<tt:UseCount>0</tt:UseCount>
<tt:PTZStatus>
<tt:Status>false</tt:Status>
<tt:Position>true</tt:Position>
</tt:PTZStatus>
<tt:Events>
<tt:Filter/>
<tt:SubscriptionPolicy/>
</tt:Events>
<tt:Analytics>true</tt:Analytics>
<tt:Multicast>
<tt:Address>
<tt:Type>IPv4</tt:Type>
<tt:IPv4Address>239.255.0.0</tt:IPv4Address>
</tt:Address>
<tt:Port>5000</tt:Port>
<tt:TTL>64</tt:TTL>
<tt:AutoStart>false</tt:AutoStart>
</tt:Multicast>
<tt:SessionTimeout>PT5S</tt:SessionTimeout>
</tt:MetadataConfiguration>
</trt:Profile>
</trt:GetProfileResponse>
</SOAP-ENV:Body>
</SOAP-ENV:Envelope>