<?xml version="1.0" encoding="UTF-8"?>
<SOAP-ENV:Envelope xmlns:SOAP-ENV="http://www.w3.org/2003/05/soap-envelope" xmlns:SOAP-ENC="http://www.w3.org/2003/05/soap-encoding" xmlns:xsi="http://www.w3.org/2001/XMLSchema-instance" xmlns:xsd="http://www.w3.org/2001/XMLSchema" xmlns:wsa="http://schemas.xmlsoap.org/ws/2004/08/addressing" xmlns:wsdd="http://schemas.xmlsoap.org/ws/2005/04/discovery" xmlns:chan="http://schemas.microsoft.com/ws/2005/02/duplex" xmlns:wsa5="http://www.w3.org/2005/08/addressing" xmlns:xmime="http://tempuri.org/xmime.xsd" xmlns:xop="http://www.w3.org/2004/08/xop/include" xmlns:tt="http://www.onvif.org/ver10/schema" xmlns:wsrfbf="http://docs.oasis-open.org/wsrf/bf-2" xmlns:wstop="http://docs.oasis-open.org/wsn/t-1" xmlns:wsrfr="http://docs.oasis-open.org/wsrf/r-2" xmlns:tdn="http://www.onvif.org/ver10/network/wsdl" xmlns:tds="http://www.onvif.org/ver10/device/wsdl" xmlns:tev="http://www.onvif.org/ver10/events/wsdl" xmlns:wsnt="http://docs.oasis-open.org/wsn/b-2" xmlns:tptz="http://www.onvif.org/ver20/ptz/wsdl" xmlns:trt="http://www.onvif.org/ver10/media/wsdl">
<SOAP-ENV:Header></SOAP-ENV:Header>
<SOAP-ENV:Body>
<trt:GetProfilesResponse>
<trt:Profiles token="IPCProfilesToken0">
<tt:Name>MainStream</tt:Name>
<tt:VideoSourceConfiguration token="VideoSourceConfigToken0">
<tt:Name>VideoSourceConfig0</tt:Name>
<tt:UseCount>1</tt:UseCount>
<tt:SourceToken>VideoSourceConfigSourceToken0</tt:SourceToken>
<tt:Bounds height="1280" width="720" y="0" x="0" />
</tt:VideoSourceConfiguration>
<tt:AudioSourceConfiguration token="AudioSourceConfigToken">
<tt:Name>AudioSourceConfig</tt:Name>
<tt:UseCount>1</tt:UseCount>
<tt:SourceToken>AudioSourceConfigSourceToken</tt:SourceToken>
</tt:AudioSourceConfiguration>
<tt:VideoEncoderConfiguration token="VideoEncoderConfigToken0">
<tt:Name>VideoEncoderConfig0</tt:Name>
<tt:UseCount>1</tt:UseCount>
<tt:Encoding>H264</tt:Encoding>
<tt:Resolution>
<tt:Width>1280</tt:Width>
<tt:Height>720</tt:Height>
</tt:Resolution>
<tt:Quality>10</tt:Quality>
<tt:RateControl>
<tt:FrameRateLimit>30</tt:FrameRateLimit>
<tt:EncodingInterval>1</tt:EncodingInterval>
<tt:BitrateLimit>1200</tt:BitrateLimit>
</tt:RateControl>
<tt:Multicast>
<tt:Address>
<tt:Type>IPv4</tt:Type>
<tt:IPv4Address>192.168.1.66</tt:IPv4Address>
</tt:Address>
<tt:Port>5000</tt:Port>
<tt:TTL>64</tt:TTL>
<tt:AutoStart>true</tt:AutoStart>
</tt:Multicast>
<tt:SessionTimeout>PT0H12M0S</tt:SessionTimeout>
</tt:VideoEncoderConfiguration>
<tt:AudioEncoderConfiguration token="AudioEncoderConfigToken">
<tt:Name>AudioEncoderConfig</tt:Name>
<tt:UseCount>1</tt:UseCount>
<tt:Encoding>G711</tt:Encoding>
<tt:Bitrate>64</tt:Bitrate>
<tt:SampleRate>8</tt:SampleRate>
<tt:Multicast>
<tt:Address>
<tt:Type>IPv4</tt:Type>
<tt:IPv4Address>192.168.1.66</tt:IPv4Address>
</tt:Address>
<tt:Port>5000</tt:Port>
<tt:TTL>64</tt:TTL>
<tt:AutoStart>true</tt:AutoStart>
</tt:Multicast>
<tt:SessionTimeout>PT0H12M0S</tt:SessionTimeout>
</tt:AudioEncoderConfiguration>
<tt:PTZConfiguration token="PTZConfigToken">
<tt:Name>PTZConfig</tt:Name>
<tt:UseCount>1</tt:UseCount>
<tt:NodeToken>PTZConfigNodeToken</tt:NodeToken>
</tt:PTZConfiguration>
</trt:Profiles>
<trt:Profiles token="IPCProfilesToken1">
<tt:Name>SubStream</tt:Name>
<tt:VideoSourceConfiguration token="VideoSourceConfigToken1">
<tt:Name>VideoSourceConfig1</tt:Name>
<tt:UseCount>1</tt:UseCount>
<tt:SourceToken>VideoSourceConfigSourceToken0</tt:SourceToken>
<tt:Bounds height="180" width="320" y="0" x="0" />
</tt:VideoSourceConfiguration>
<tt:AudioSourceConfiguration token="AudioSourceConfigToken">
<tt:Name>AudioSourceConfig</tt:Name>
<tt:UseCount>1</tt:UseCount>
<tt:SourceToken>AudioSourceConfigSourceToken</tt:SourceToken>
</tt:AudioSourceConfiguration>
<tt:VideoEncoderConfiguration token="VideoEncoderConfigToken1">
<tt:Name>VideoEncoderConfig1</tt:Name>
<tt:UseCount>1</tt:UseCount>
<tt:Encoding>H264</tt:Encoding>
<tt:Resolution>
<tt:Width>320</tt:Width>
<tt:Height>180</tt:Height>
</tt:Resolution>
<tt:Quality>10</tt:Quality>
<tt:RateControl>
<tt:FrameRateLimit>30</tt:FrameRateLimit>
<tt:EncodingInterval>1</tt:EncodingInterval>
<tt:BitrateLimit>1200</tt:BitrateLimit>
</tt:RateControl>
<tt:Multicast>
<tt:Address>
<tt:Type>IPv4</tt:Type>
<tt:IPv4Address>192.168.1.66</tt:IPv4Address>
</tt:Address>
<tt:Port>5000</tt:Port>
<tt:TTL>64</tt:TTL>
<tt:AutoStart>true</tt:AutoStart>
</tt:Multicast>
<tt:SessionTimeout>PT0H12M0S</tt:SessionTimeout>
</tt:VideoEncoderConfiguration>
<tt:AudioEncoderConfiguration token="AudioEncoderConfigToken">
<tt:Name>AudioEncoderConfig</tt:Name>
<tt:UseCount>1</tt:UseCount>
<tt:Encoding>G711</tt:Encoding>
<tt:Bitrate>64</tt:Bitrate>
<tt:SampleRate>8</tt:SampleRate>
<tt:Multicast>
<tt:Address>
<tt:Type>IPv4</tt:Type>
<tt:IPv4Address>192.168.1.66</tt:IPv4Address>
</tt:Address>
<tt:Port>5000</tt:Port>
<tt:TTL>64</tt:TTL>
<tt:AutoStart>true</tt:AutoStart>
</tt:Multicast>
<tt:SessionTimeout>PT0H12M0S</tt:SessionTimeout>
</tt:AudioEncoderConfiguration>
<tt:PTZConfiguration token="PTZConfigToken">
<tt:Name>PTZConfig</tt:Name>
<tt:UseCount>1</tt:UseCount>
<tt:NodeToken>PTZConfigNodeToken</tt:NodeToken>
</tt:PTZConfiguration>
</trt:Profiles>
</trt:GetProfilesResponse>
</SOAP-ENV:Body>
</SOAP-ENV:Envelope>