<?xml version="1.0" encoding="UTF-8"?>
<SOAP-ENV:Envelope xmlns:SOAP-ENC="http://www.w3.org/2003/05/soap-encoding" xmlns:SOAP-ENV="http://www.w3.org/2003/05/soap-envelope" xmlns:c14n="http://www.w3.org/2001/10/xml-exc-c14n#" xmlns:d="http://schemas.xmlsoap.org/ws/2005/04/discovery" xmlns:dn="http://www.onvif.org/ver10/network/wsdl" xmlns:dndl="http://www.onvif.org/ver10/network/wsdl/DiscoveryLookupBinding" xmlns:dnrd="http://www.onvif.org/ver10/network/wsdl/RemoteDiscoveryBinding" xmlns:ds="http://www.w3.org/2000/09/xmldsig#" xmlns:tad="http://www.onvif.org/ver10/analyticsdevice/wsdl" xmlns:tan="http://www.onvif.org/ver20/analytics/wsdl" xmlns:tanae="http://www.onvif.org/ver20/analytics/wsdl/AnalyticsEngineBinding" xmlns:tanre="http://www.onvif.org/ver20/analytics/wsdl/RuleEngineBinding" xmlns:tds="http://www.onvif.org/ver10/device/wsdl" xmlns:tetcp="http://www.onvif.org/ver10/events/wsdl/CreatePullPointBinding" xmlns:tete="http://www.onvif.org/ver10/events/wsdl/EventBinding" xmlns:tetnc="http://www.onvif.org/ver10/events/wsdl/NotificationConsumerBinding" xmlns:tetnp="http://www.onvif.org/ver10/events/wsdl/NotificationProducerBinding" xmlns:tetpp="http://www.onvif.org/ver10/events/wsdl/PullPointBinding" xmlns:tetpps="http://www.onvif.org/ver10/events/wsdl/PullPointSubscriptionBinding" xmlns:tetps="http://www.onvif.org/ver10/events/wsdl/PausableSubscriptionManagerBinding" xmlns:tetsm="http://www.onvif.org/ver10/events/wsdl/SubscriptionManagerBinding" xmlns:tev="http://www.onvif.org/ver10/events/wsdl" xmlns:timg="http://www.onvif.org/ver20/imaging/wsdl" xmlns:timg10="http://www.onvif.org/ver10/imaging/wsdl" xmlns:tls="http://www.onvif.org/ver10/display/wsdl" xmlns:tmd="http://www.onvif.org/ver10/deviceIO/wsdl" xmlns:tns1="http://www.onvif.org/ver10/topics" xmlns:tnsavg="http://www.avigilon.com/onvif/ver10/topics" xmlns:tnsn="http://www.eventextension.com/2011/event/topics" xmlns:tptz="http://www.onvif.org/ver20/ptz/wsdl" xmlns:trc="http://www.onvif.org/ver10/recording/wsdl" xmlns:trp="http://www.onvif.org/ver10/replay/wsdl" xmlns:trt="http://www.onvif.org/ver10/media/wsdl" xmlns:trv="http://www.onvif.org/ver10/receiver/wsdl" xmlns:tse="http://www.onvif.org/ver10/search/wsdl" xmlns:tt="http://www.onvif.org/ver10/schema" xmlns:wsa="http://schemas.xmlsoap.org/ws/2004/08/addressing" xmlns:wsa5="http://www.w3.org/2005/08/addressing" xmlns:wsbf="http://docs.oasis-open.org/wsrf/bf-2" xmlns:wsnt="http://docs.oasis-open.org/wsn/b-2" xmlns:wsr="http://docs.oasis-open.org/wsrf/r-2" xmlns:wsse="http://docs.oasis-open.org/wss/2004/01/oasis-200401-wss-wssecurity-secext-1.0.xsd" xmlns:wstop="http://docs.oasis-open.org/wsn/t-1" xmlns:wsu="http://docs.oasis-open.org/wss/2004/01/oasis-200401-wss-wssecurity-utility-1.0.xsd" xmlns:xenc="http://www.w3.org/2001/04/xmlenc#" xmlns:xmime="http://tempuri.org/xmime.xsd" xmlns:xop="http://www.w3.org/2004/08/xop/include" xmlns:xsd="http://www.w3.org/2001/XMLSchema" xmlns:xsi="http://www.w3.org/2001/XMLSchema-instance">
<SOAP-ENV:Header />
<SOAP-ENV:Body>
<trt:GetVideoEncoderConfigurationsResponse>
<trt:Configurations token="VideoEncoderConfigToken0">
<tt:Name>VideoEncoderConfig0</tt:Name>
<tt:UseCount>1</tt:UseCount>
<tt:Encoding>H264</tt:Encoding>
<tt:Resolution>
<tt:Width>1280</tt:Width>
<tt:Height>720</tt:Height>
</tt:Resolution>
<tt:Quality>5</tt:Quality>
<tt:RateControl>
<tt:FrameRateLimit>15</tt:FrameRateLimit>
<tt:EncodingInterval>25</tt:EncodingInterval>
<tt:BitrateLimit>2048</tt:BitrateLimit>
</tt:RateControl>
<tt:H264>
<tt:GovLength>25</tt:GovLength>
<tt:H264Profile>Main</tt:H264Profile>
</tt:H264>
<tt:Multicast>
<tt:Address>
<tt:Type>IPv4</tt:Type>
<tt:IPv4Address>192.168.0.100</tt:IPv4Address>
</tt:Address>
<tt:Port>5000</tt:Port>
<tt:TTL>1</tt:TTL>
<tt:AutoStart>false</tt:AutoStart>
</tt:Multicast>
<tt:SessionTimeout>PT5S</tt:SessionTimeout>
</trt:Configurations>
<trt:Configurations token="VideoEncoderConfigToken1">
<tt:Name>VideoEncoderConfig1</tt:Name>
<tt:UseCount>1</tt:UseCount>
<tt:Encoding>H264</tt:Encoding>
<tt:Resolution>
<tt:Width>640</tt:Width>
<tt:Height>480</tt:Height>
</tt:Resolution>
<tt:Quality>5</tt:Quality>
<tt:RateControl>
<tt:FrameRateLimit>15</tt:FrameRateLimit>
<tt:EncodingInterval>15</tt:EncodingInterval>
<tt:BitrateLimit>512</tt:BitrateLimit>
</tt:RateControl>
<tt:H264>
<tt:GovLength>15</tt:GovLength>
<tt:H264Profile>Main</tt:H264Profile>
</tt:H264>
<tt:Multicast>
<tt:Address>
<tt:Type>IPv4</tt:Type>
<tt:IPv4Address>239.255.0.0</tt:IPv4Address>
</tt:Address>
<tt:Port>5000</tt:Port>
<tt:TTL>1</tt:TTL>
<tt:AutoStart>false</tt:AutoStart>
</tt:Multicast>
<tt:SessionTimeout>PT5S</tt:SessionTimeout>
</trt:Configurations>
</trt:GetVideoEncoderConfigurationsResponse>
</SOAP-ENV:Body>
</SOAP-ENV:Envelope>