<?xml version="1.0" encoding="UTF-8"?>
<SOAP-ENV:Envelope xmlns:SOAP-ENV="http://www.w3.org/2003/05/soap-envelope" xmlns:SOAP-ENC="http://www.w3.org/2003/05/soap-encoding" xmlns:xsi="http://www.w3.org/2001/XMLSchema-instance" xmlns:xsd="http://www.w3.org/2001/XMLSchema" xmlns:wsa="http://schemas.xmlsoap.org/ws/2004/08/addressing" xmlns:wsdd="http://schemas.xmlsoap.org/ws/2005/04/discovery" xmlns:chan="http://schemas.microsoft.com/ws/2005/02/duplex" xmlns:wsa5="http://www.w3.org/2005/08/addressing" xmlns:xmime="http://tempuri.org/xmime.xsd" xmlns:xop="http://www.w3.org/2004/08/xop/include" xmlns:tt="http://www.onvif.org/ver10/schema" xmlns:wsrfbf="http://docs.oasis-open.org/wsrf/bf-2" xmlns:wstop="http://docs.oasis-open.org/wsn/t-1" xmlns:wsrfr="http://docs.oasis-open.org/wsrf/r-2" xmlns:tdn="http://www.onvif.org/ver10/network/wsdl" xmlns:tds="http://www.onvif.org/ver10/device/wsdl" xmlns:tev="http://www.onvif.org/ver10/events/wsdl" xmlns:wsnt="http://docs.oasis-open.org/wsn/b-2" xmlns:tptz="http://www.onvif.org/ver20/ptz/wsdl" xmlns:trt="http://www.onvif.org/ver10/media/wsdl">
<SOAP-ENV:Header></SOAP-ENV:Header>
<SOAP-ENV:Body>
<trt:GetVideoSourcesResponse>
<trt:VideoSources token="VideoSourceConfigSourceToken0">
<tt:Framerate>30</tt:Framerate>
<tt:Resolution>
<tt:Width>1280</tt:Width>
<tt:Height>720</tt:Height>
</tt:Resolution>
</trt:VideoSources>
</trt:GetVideoSourcesResponse>
</SOAP-ENV:Body>
</SOAP-ENV:Envelope>